{
    "navn": "Testbrett",
    "bakgrunn": "bilder/bakgrunn2.jpg",
    "plattformer": [
        {
            "type": "vanlig",
            "x": 100,
            "y": 550,
            "bredde": 800,
            "hoyde": 20
        },
        {
            "type": "vanlig",
            "x": 300,
            "y": 450,
            "bredde": 400,
            "hoyde": 20
        },
        {
            "type": "vanlig",
            "x": 100,
            "y": 350,
            "bredde": 40,
            "hoyde": 20
        },
        {
            "type": "heis",
            "x": 250,
            "y": 180,
            "bredde": 60,
            "hoyde": 20,
            "dx": 0,
            "dy": -5,
            "ticktall": 30
        },
        {
            "type": "vanlig",
            "x": 100,
            "y": 150,
            "bredde": 100,
            "hoyde": 20
        },
        {
            "type": "blink",
            "x": 400,
            "y": 150,
            "bredde": 100,
            "hoyde": 20,
            "ticktall": 15
        },
        {
            "type": "vanlig",
            "x": 600,
            "y": 50,
            "bredde": 100,
            "hoyde": 20
        },
        {
            "type": "vanlig",
            "x": 2000,
            "y": 450,
            "bredde": 100,
            "hoyde": 20
        },
        {
            "type": "heis",
            "x": 200,
            "y": 420,
            "bredde": 100,
            "hoyde": 20,
            "dx": 20,
            "dy": 0,
            "ticktall": 180
        }
    ],
    "spiller": [300, 450]
}